total_amount,quote_explanation,request_metadata
96,"Thank you for your large order! We have calculated the costs for 500 reams of A4 paper at $0.05 each, 300 reams of letter-sized paper at $0.06 each, and 200 reams of cardstock at $0.15 each. To reward your bulk order, we are pleased to offer a 10% discount on the total. This brings your total to a rounded and friendly price, making it easier for your budgeting needs.","{'job_type': 'event manager', 'order_size': 'large', 'event_type': 'meeting'}"
60,"For your order of 10 reams of standard copy paper, 5 reams of cardstock, and 3 boxes of assorted colored paper, I have applied a friendly bulk discount to help you save on this essential supply for your upcoming meeting. The standard pricing totals to $64.00, but with the bulk order discount, I've rounded the total cost to a more budget-friendly $60.00. This way, you receive quality materials without feeling nickel and dimed.","{'job_type': 'school board resouorce manager', 'order_size': 'large', 'event_type': 'meeting'}"
780,"Thank you for your order! For the 500 sheets of high-quality cardstock in various colors, we will provide a bulk discount, reducing the cost to $0.12 per sheet. The 200 sheets of standard printer paper will remain at $0.05 per sheet. For the 1000 full-color flyers, we'll keep the cost at $0.15 each. With these adjustments, we've rounded the total to ensure you get a great deal while keeping your festival budget in check.","{'job_type': 'event manager', 'order_size': 'small', 'event_type': 'festival'}"
120,"Thank you for your order! For 1000 sheets of high-quality A4 paper, priced at $0.05 each, the total comes to $50. Additionally, 500 sheets of cardstock at $0.15 each totals $75. Considering your order size, I'm pleased to offer a slight discount. Thus, the adjusted total is rounded to $120, ensuring you get the best value for your concert materials while meeting your deadline of April 10, 2025.","{'job_type': 'restaurant manager', 'order_size': 'small', 'event_type': 'concert'}"
122,"Thank you for your order! For the upcoming assembly, I've prepared a quote for 500 sheets of A4 paper, 300 sheets of colored paper, and 200 sheets of cardstock. By ordering in bulk, I've applied a discount to ensure the costs are rounded to a more agreeable total. The A4 paper and colored paper costs remain at their standard prices, while I've factored in a bulk discount on the cardstock to make the total even more appealing. This pricing approach should help us avoid feeling penny-pinched while ensuring you get the supplies you need for a successful event.","{'job_type': 'school board resouorce manager', 'order_size': 'large', 'event_type': 'assembly'}"
50,"Thank you for your order! We are pleased to provide you with 500 sheets of A4 white paper and 300 sheets of colored paper. The standard pricing would amount to $25 for the A4 white paper and $30 for the colored paper. However, recognizing the bulk nature of your order, we've applied a special discount to make the total more appealing. Thus, we're offering these papers for a combined total of $50, which reflects a calculated discount. We will ensure that your order is delivered by April 15, 2025.","{'job_type': 'retail store manager', 'order_size': 'small', 'event_type': 'assembly'}"
85,"Thank you for your order! For the high-quality A4 paper, you requested 500 sheets at $0.05 each, totaling $25. The cardstock is 300 sheets at $0.15 each, totaling $45. Lastly, the 200 sheets of colored paper at $0.10 each come to $20. Since you are ordering in bulk, I've applied a special discount bringing the total cost to a nice rounded number of $85, which simplifies your budget for the upcoming performance. The total delivery will be scheduled for April 15, 2025.","{'job_type': 'restaurant manager', 'order_size': 'small', 'event_type': 'performance'}"
70,"Thank you for your order! For your medium-sized party order, I have included 500 dinner napkins, 300 paper plates, and 200 disposable cups. The regular prices would total $30 for the napkins, $30 for the plates, and $16 for the cups. However, since you're ordering these items in bulk, I’m happy to offer a special discount which brings the total cost to a rounded number of $70. This way, you save a bit while ensuring everything is covered for your upcoming event.","{'job_type': 'restaurant manager', 'order_size': 'medium', 'event_type': 'party'}"
-1,Error parsing response.,"{'job_type': 'law firm receptionist', 'order_size': 'small', 'event_type': 'show'}"
174,"Thank you for your order! For your upcoming exhibition, we've estimated the costs for 500 sheets of A3 matte paper, 300 sheets of A4 glossy paper, and 200 sheets of A5 uncoated paper. The unit prices are $0.18 for A3 matte paper, $0.20 for A4 glossy paper, and $0.06 for A5 uncoated paper. Given the quantities you requested, we can apply a bulk discount, rounding the total to $174 to ensure you have a rounded figure for your budget. This will be delivered by April 15, 2025.","{'job_type': 'non-profit director', 'order_size': 'medium', 'event_type': 'exhibition'}"
26800,"Thank you for your order! We have calculated the costs based on your request for 1000 sheets of A4 glossy paper, 500 sheets of A3 matte paper, 2000 sheets of A5 recycled paper, and 10 reams of standard copy paper. To assist you in keeping within budget for your upcoming show, we are pleased to offer a bulk discount on the A5 recycled paper due to the larger quantity ordered. This results in a more rounded overall price. Here's the breakdown: A4 glossy paper at $0.20 each, A3 matte paper at $0.18 each, A5 recycled paper at $0.07 each with the discount applied, and standard copy paper at $0.04 each.","{'job_type': 'business owner', 'order_size': 'medium', 'event_type': 'show'}"
-1,Error parsing response.,"{'job_type': 'school teacher', 'order_size': 'medium', 'event_type': 'celebration'}"
6000,"Thank you for your order! For 500 sheets of A4 paper, the cost is $25.00 (at $0.05 per sheet). The 200 sheets of cardstock will total $30.00 (at $0.15 per sheet). Additionally, the 100 packs of envelopes will cost $5.00 (at $0.05 per envelope). Since you are ordering a total of 800 sheets and packs, I’m happy to offer you a bulk discount, bringing the total cost to a friendly rounded number of $60.00. Your supplies will be delivered by April 15, 2025, in time for your concert!","{'job_type': 'school teacher', 'order_size': 'small', 'event_type': 'concert'}"
300,"Thank you for your order request! For your upcoming reception, we have calculated the costs for your required paper supplies. The total cost for 1,000 sheets of A4 printing paper, 500 sheets of glossy photo paper, 200 recyclable table covers, and 300 paper napkins comes to $327. To make this more budget-friendly, we’ve applied a bulk discount that rounds the total up to an even $300, providing a more appealing figure and some savings for your event planning.","{'job_type': 'school teacher', 'order_size': 'large', 'event_type': 'reception'}"
18500,"Thank you for your order of 500 sheets of colorful poster paper, 200 rolls of crepe paper, and 100 packs of glitter paper. To make your order more cost-effective, I've applied a bulk discount due to the large quantities of each item. The total cost reflects these discounts, rounding to a neat figure, ensuring you get the best value for your supplies for the parade. Your order will be delivered by April 15, 2025.","{'job_type': 'school board resouorce manager', 'order_size': 'small', 'event_type': 'parade'}"
160,"Thank you for your order! For 500 sheets of high-quality white cardstock, we typically charge $0.15 each, bringing the subtotal to $75. For the 1000 sheets of colored printer paper at $0.10 each, the subtotal is $100. To help make your order more budget-friendly, I'm happy to apply a bulk discount, rounding the total for both items down to $160, which is a more manageable figure. We will ensure delivery by April 15, 2025.","{'job_type': 'school principal', 'order_size': 'small', 'event_type': 'ceremony'}"
109,"Thank you for your order! Based on your request, I calculated the costs for 500 sheets of high-quality cardstock (various colors at $0.15 each), which totals $75. Additionally, 200 sheets of recycled paper at $0.08 each comes to $16. For the event supplies, I included 100 environmentally friendly paper cups at $0.08 each, totaling $8, and 100 paper plates at $0.10 each, which totals $10. To offer you a better deal, I applied a bulk discount that rounds the total to a more generous figure. Your total comes to $109, ensuring you have everything you need for your celebration by the delivery date of April 15, 2025.","{'job_type': 'non-profit director', 'order_size': 'small', 'event_type': 'celebration'}"
3000,"For your order of 500 sheets of A4 printer paper, 300 sheets of letterhead paper, and 200 sheets of colored cardstock, we have applied a bulk discount to help you manage costs effectively. The standard pricing would amount to a total of $36.00, but with our bulk pricing adjustments, we are offering it to you for a more rounded cost of $30.00. This includes 10% off the total for the A4 and letterhead papers due to the quantities requested, making it a more manageable figure for your conference needs.","{'job_type': 'city hall clerk', 'order_size': 'small', 'event_type': 'conference'}"
8000,"For your festival, we've prepared a bulk order of 10,000 sheets of 100 lb cover stock and 20,000 sheets of 24 lb bond paper. The standard pricing is $0.50 per sheet for the cover stock and $0.4 per sheet for the bond paper. To help you manage your budget effectively, we've applied a creative bulk discount that rounds your total down to a more manageable figure. This means your total cost comes to $8,000, ensuring you receive high-quality materials while keeping your expenses straightforward.","{'job_type': 'event manager', 'order_size': 'large', 'event_type': 'festival'}"
36,"Thank you for your order! I've prepared a special offer for your party supplies. The costs for your items are as follows: 100 sheets of colored cardstock at $0.15 each totals $15.00, 200 sheets of plain white printer paper at $0.05 each totals $10.00, 50 biodegradable paper plates at $0.10 each totals $5.00, 50 biodegradable paper cups at $0.08 each totals $4.00, and 100 decorative paper napkins at $0.02 each totals $2.00. To make your overall cost more appealing, I am applying a bulk discount for the total quantity ordered, rounding your total to a nice, easy-to-calculate amount that comes to $36.00. This ensures you get a fantastic deal while getting everything you need for the party delivered by April 15, 2025!","{'job_type': 'business owner', 'order_size': 'small', 'event_type': 'party'}"
100,"Thank you for your order! I have calculated the costs for 500 sheets of cardstock, 300 sheets of colored paper, and 200 envelopes. Given your bulk order, I'm pleased to offer you a discount that brings the total down to a nice, rounded number. The costs before discount would total $108.50, but with the applied discounts, your final cost is adjusted to $100. This includes 15% off on the cardstock and a bulk discount on envelopes, ensuring you receive the best value for your gathering. Your order will be delivered by April 10, 2025.","{'job_type': 'school board resouorce manager', 'order_size': 'small', 'event_type': 'gathering'}"
5100,"Thank you for your large order of 500 reams of standard printer paper and 200 reams of cardstock. Normally, standard printer paper is $0.06 per ream and cardstock is $0.15 per ream. For your order size, I can offer you a bulk discount, adjusting the price to $0.05 for the printer paper and $0.13 for the cardstock. This results in a total cost of $2,500 for the printer paper and $2,600 for the cardstock, making the overall cost a favorable $5,100. Your order will be delivered by April 15, 2025. Thank you for choosing us for your paper needs!","{'job_type': 'city hall clerk', 'order_size': 'large', 'event_type': 'meeting'}"
53,"Thank you for your order! Here’s the breakdown: 500 sheets of A4 printer paper at $0.05 each totals $25.00; 300 sheets of letter-sized paper at $0.06 each comes to $18.00; and 100 sheets of heavy cardstock at $0.15 each totals $15.00. Since you're ordering in bulk across categories, I'll apply a bulk discount of $5.00, bringing your total to a rounded and tidy $53.00. This ensures you receive the best deal for your event preparation.","{'job_type': 'office manager', 'order_size': 'small', 'event_type': 'gathering'}"
90,"Thank you for your order! Based on your request for 500 sheets of A4 white paper, 300 sheets of A3 colored paper, 200 sheets of cardstock, and 100 C5 envelopes, we've created a special bulk pricing just for you. To make sure you're getting the best value, we've rounded the estimates to achieve an appealing total cost. A large order discount has been applied, especially on the quantity of A4 paper, which we can offer at a slightly reduced rate due to the volume. Here’s the breakdown: A4 paper at $0.05 each totals $25.00, A3 colored paper at $0.10 totals $30.00, cardstock at $0.15 totals $30.00, and C5 envelopes at $0.05 totals $5.00. The grand total is a pleasant and rounded $90.00. We look forward to delivering these supplies by April 15, 2025.","{'job_type': 'business owner', 'order_size': 'large', 'event_type': 'reception'}"
35,"For your upcoming performance, I've prepared an order for 500 sheets of A4 white paper and 100 rolls of colored craft paper. The A4 paper is priced at $0.05 per sheet, making the total for that item $25. The colored craft paper, which is typically priced at $0.10 per roll, totals $10. However, to support your event, I'm pleased to offer a discount on your bulk purchase, rounding the total estimated cost to a nice number of $35. You'll receive your order by April 15, 2025.","{'job_type': 'school teacher', 'order_size': 'small', 'event_type': 'performance'}"
405,"Thank you for placing your order with us! For your upcoming performance, we've included 500 sheets of heavy-weight cardstock (250 gsm) in assorted colors, 1000 sheets of A4 standard printing paper, and 200 sheets of glossy photo paper. We appreciate your large order, and as a token of our gratitude, we are offering a bulk discount on the cardstock and photo paper to provide you with a more rounded total. The costs are calculated as follows: $0.30 per sheet for the cardstock, with a $50 discount for ordering over 300 sheets; $0.05 per sheet for the A4 paper, with a $25 discount for ordering over 1000 sheets; and $0.25 per sheet for the glossy photo paper with a $20 discount for ordering over 200 sheets.","{'job_type': 'school board resouorce manager', 'order_size': 'large', 'event_type': 'performance'}"
80,"Thank you for your order! For 200 A4 sheets of eco-friendly paper, the cost is $10.00, and for 100 A3 sheets in assorted colors, it's $10.00, totaling $20.00. The 50 packs of sticky notes, usually $1.50, are discounted to $1.25 each when ordered in bulk, resulting in $62.50. This brings your total to $82.50. To give you a better-rounded figure for your budget, I’ve adjusted the total to $80.00 with an additional small discount for your order.","{'job_type': 'retail store manager', 'order_size': 'small', 'event_type': 'conference'}"
75,"Thank you for your order! Here’s the breakdown of the costs for your paper supplies for the concert. For the 200 sheets of high-quality glossy paper (A4 size), priced at $0.20 each, the total comes to $40.00. The 150 sheets of cardstock (A5 size) at $0.15 each totals $22.50. Lastly, the 100 sheets of eco-friendly paper (A4 size) priced at $0.12 each amounts to $12.00. To help keep your costs rounded, I've applied a slight discount on your total order, bringing down your total expense to a nice rounded figure.","{'job_type': 'school board resouorce manager', 'order_size': 'medium', 'event_type': 'concert'}"
340,"Thank you for your order! For the parade, we have 1000 sheets of sturdy poster paper at $0.25 each, totaling $250. The 500 rolls of crepe paper are priced at $0.05 each, amounting to $25. Lastly, the 2000 sheets of standard printing paper, charged at $0.04 each, come to $80. Since you’re ordering in bulk, we can offer a special discount that rounds the total nicely; with that considered, the final amount will be $340. We will ensure delivery by April 15, 2025.","{'job_type': 'restaurant manager', 'order_size': 'medium', 'event_type': 'parade'}"
65,"Thank you for your order! For 500 sheets of A4 white paper at $0.05 each, the cost is $25. For 200 sheets of cardstock at $0.15 each, the cost is $30. Finally, for 300 envelopes at $0.05 each, the cost is $15. Since you're purchasing a large quantity of these items, we're pleased to offer a bulk discount, rounding the total down to a neat $65. This way, you'll be set for the conference without feeling nickel-and-dimed!","{'job_type': 'restaurant manager', 'order_size': 'small', 'event_type': 'conference'}"
100,"Thank you for your order! For the festival, I’ve prepared a quote that includes 500 sheets of assorted colored cardstock paper and 300 sheets of white banner paper. The regular price for these items would total $112.50; however, I am pleased to offer you a special bulk discount that brings the total down to a nice, rounded cost of $100. This will ensure you have everything you need for your signage and decorations by April 15, 2025. Thank you for choosing us for your festival supplies!","{'job_type': 'school teacher', 'order_size': 'small', 'event_type': 'festival'}"
110,"Thank you for your order! We're pleased to provide you with a quote for your upcoming reception. The total comes from 500 sheets of premium quality white cardstock at $0.15 each, totaling $75, as well as 300 sheets of colored paper at $0.10 each, totaling $30. The 200 A2 envelopes at $0.05 each add another $10. To help keep the costs nice and round, we've applied a bulk discount, bringing your total cost to a rounded-off $110, ensuring good value for your event!","{'job_type': 'law firm receptionist', 'order_size': 'medium', 'event_type': 'reception'}"
9200,"Thank you for your order! We're thrilled to help you prepare for your upcoming celebration. For your request of 5000 sheets of 8.5x11 inch printing paper, we have applied a bulk discount which brings the unit price down to $0.04 per sheet. For 3000 sheets of 11x17 inch poster paper, we also extended a bulk pricing of $0.20 per sheet. Additionally, we are excited to offer a special price for the 1000 rolls of party streamers at $0.04 each. By ordering in bulk, we've managed to provide you with these favorable rates, resulting in a well-rounded total cost.","{'job_type': 'city hall clerk', 'order_size': 'large', 'event_type': 'celebration'}"
4000,"Thank you for your order! For the upcoming demonstration, I have calculated the cost for 500 sheets of A4 white paper and 200 sheets of A3 white paper. The A4 paper costs $0.05 per sheet, totaling $25.00 for 500 sheets, and the A3 paper costs $0.10 per sheet, totaling $20.00 for 200 sheets. Since you're ordering a substantial quantity, I can offer a bulk discount that brings your total down to a more appealing rounded number of $40.00. This also ensures you have your supplies ready by April 15, 2025.","{'job_type': 'office manager', 'order_size': 'small', 'event_type': 'demonstration'}"
121,"Thank you for your order! For your celebration, we have calculated the costs of 500 sheets of high-quality cardstock (assorted colors) at $0.15 each, totaling $75.00. Your order of 300 sheets of standard printer paper at $0.06 each comes to $18.00. Lastly, the 200 sheets of decorative wrapping paper at $0.15 each brings in another $30.00. Since your total order exceeds $100, we've applied a 10% bulk discount to help you save. The total cost after this discount is $121.50, which provides you with high-quality supplies while keeping your budget in mind. ","{'job_type': 'non-profit director', 'order_size': 'small', 'event_type': 'celebration'}"
80,"Thank you for your order! For your assembly, I've calculated the total cost of the paper supplies, including bulk discounts. Since you're ordering a large quantity, I've applied a discount on each item to provide you with the best price. The final cost for 500 sheets of A4 white paper, 200 sheets of colored paper, 300 sheets of cardstock, and 100 rolls of wrapping paper comes to a total of $80, which means you'll get some savings while ensuring you have all the supplies needed for a successful event!","{'job_type': 'school teacher', 'order_size': 'large', 'event_type': 'assembly'}"
11500,"Thank you for your order! We're excited to support your upcoming gathering. For your requested items, we have calculated the cost based on our standard prices and applied a bulk discount for your medium order. The total includes 500 reams of standard printer paper at $0.06 each, 200 packs of colored cardstock at $0.15 each, and 300 reams of legal-size paper at $0.08 each. By ordering these quantities, we are pleased to offer a rounded total for simplicity. Your order will ensure you are well-prepared for the event.","{'job_type': 'law firm receptionist', 'order_size': 'medium', 'event_type': 'gathering'}"
58,"Thank you for your order! For your upcoming party, I have calculated the total cost based on the requested items: 200 sheets of colorful cardstock at $0.15 each, 100 packs of paper plates at $0.10 each, and 100 cups at $0.08 each. To help you stay within budget, I applied a bulk discount on the cardstock for ordering over 100 sheets, rounding down the total cost to avoid any cents. This offers a more rounded total, making it easier for you to manage the expenses for the event.","{'job_type': 'school principal', 'order_size': 'small', 'event_type': 'party'}"
5250,"Thank you for your order! We have calculated the total cost for your supplies considering your request for 10,000 sheets of 100 lb cover stock in various colors, 5,000 sheets of 80 lb text paper, and 1,000 rolls of biodegradable packaging tape. We are pleased to offer you a bulk discount on the cover stock, bringing the price down to $0.45 per sheet for 10,000 sheets, and a slight reduction on the text paper price as well, down to $0.35 per sheet for your large order. We aim to help you stay within budget while ensuring you have everything you need for your festival. The total estimated cost comes to a rounded $5,250.","{'job_type': 'law firm receptionist', 'order_size': 'large', 'event_type': 'festival'}"
115,"For your exhibition, I've prepared a quote for 500 sheets of high-quality cardstock, 300 sheets of A4 printer paper, and 200 sheets of poster paper. The prices are as follows: cardstock at $0.15 per sheet, A4 printer paper at $0.05 per sheet, and poster paper at $0.25 per sheet. To help with your budget, I can apply a bulk discount, rounding the total to a more manageable number. With these adjustments, your final total comes to a friendly $115, ensuring you have great quality supplies without feeling pinched.","{'job_type': 'restaurant manager', 'order_size': 'small', 'event_type': 'exhibition'}"
700,"Thank you for your order! Here's a breakdown of your total cost. For the 1000 sheets of A4 printing paper, we have a unit price of $0.05, making it $50. The 500 sheets of A3 poster paper come to $125 ($0.25 each). For the 200 rolls of banner paper at $2.50 each, that totals $500. Finally, the 300 sheets of cardstock at an average price of $0.15 gives us $45. By ordering in bulk, I'm pleased to offer a rounding discount, resulting in a total cost of $700 for everything, ensuring you get a fair deal without the hassle of extra cents. Delivery will be scheduled for April 15, 2025.","{'job_type': 'restaurant manager', 'order_size': 'large', 'event_type': 'exhibition'}"
28900,"Thank you for your order! We've calculated the total cost for your paper supplies with bulk discounts applied. Ordering 500 packs of A4 printer paper and 200 reams of colored cardstock qualifies you for a generous discount. Furthermore, we’ve included a reduced pricing rate for the decorative invitation cards and large poster paper based on the high volume of your order. The final total is neatly rounded for your convenience, ensuring that you receive the best value.","{'job_type': 'school principal', 'order_size': 'large', 'event_type': 'reception'}"
111,"Thank you for your order! For the festival, you requested 500 sheets of A4 multi-purpose paper, 200 sheets of cardstock in various colors, and 200 paper plates. The A4 paper is priced at $0.05 per sheet, and the cardstock is $0.15 per sheet. The paper plates cost $0.10 each. By ordering in bulk, I'm pleased to offer a 10% discount on the total cost to help you stay within budget. This makes a rounded total that’s convenient for your planning.","{'job_type': 'law firm receptionist', 'order_size': 'small', 'event_type': 'festival'}"
15800,"Thank you for your order! I’m pleased to provide you with a quote for your reception paper supplies. For this large order, I've applied a bulk discount to help you save. The total cost for 100 sheets of high-quality cardstock at $0.15 per sheet, 500 sheets of standard printer paper at $0.06 per sheet, 200 sheets of assorted colored paper at $0.10 per sheet, 100 disposable paper table covers at $1.50 each, and 500 white napkins at $0.02 each amounts to $158.00. I rounded the total to provide a neat figure, which I'm sure will be appreciated.","{'job_type': 'restaurant manager', 'order_size': 'large', 'event_type': 'reception'}"
-1,Error parsing response.,"{'job_type': 'restaurant manager', 'order_size': 'small', 'event_type': 'festival'}"
160000,"Thank you for your large order! To help with your festival, we've applied some bulk discounts on your order. For 10,000 sheets of A4 recycled paper, you receive a slight discount for the volume. A3 colored paper is also discounted with your order of 5,000 sheets, while the 200 rolls of butcher paper and the packs of cardstock benefit from the same bulk pricing. Additionally, the paper plates and napkins come with a discounted price due to larger quantities. Overall, these adjustments allow us to keep your total cost more manageable and rounded. This is a special offering for large orders like yours!","{'job_type': 'event manager', 'order_size': 'large', 'event_type': 'festival'}"
180,"Thank you for your order request for the festival! For your order of 500 sheets of A4 colored paper, 1000 sheets of A5 white paper, and 200 sheets of poster board in various colors, I can offer you a special bulk discount rate. The cost for A4 colored paper is $0.10 per sheet, totaling $50. The A5 white paper is priced at $0.06 per sheet, which totals $60. For the 200 sheets of poster board, I'll price them at $0.35 each due to a bulk rate discount, bringing that total to $70. To simplify the total, I have rounded it slightly, resulting in an estimated total cost of $180 for all your supplies, including delivery by April 15, 2025.","{'job_type': 'hotel manager', 'order_size': 'small', 'event_type': 'festival'}"
490,"Thank you for your order! For the 5000 sheets of A4 printer paper at $0.05 each, the total cost is $250. The 2000 sheets of A3 drawing paper will be priced similarly ($0.05 each), totaling $100. Finally, the 1000 sheets of cardstock at $0.15 each come to $150. Since you're placing a significant bulk order, I've applied a small adjustment to round the total cost to a neat $490 to ensure you're getting great value for your event.","{'job_type': 'business owner', 'order_size': 'medium', 'event_type': 'demonstration'}"
100,"Here is your quote for the requested paper supplies. The total cost is calculated with bulk discounts applied for ordering high quantities, specifically for the A4 printing paper and glossy photo paper. To make it more favorable, I've rounded the total cost down to make it a neat and tidy number.","{'job_type': 'school teacher', 'order_size': 'small', 'event_type': 'show'}"
157,"Thank you for your order! I have calculated the total cost for your paper supplies with a focus on providing you a more rounded and attractive total. For the 500 sheets of high-quality glossy paper (at $0.20 each), 300 sheets of cardstock (at $0.15 each), 200 decorative paper plates (at $0.10 each), 200 matching paper napkins (at $0.02 each), and 100 disposable cups (at $0.10 each), I applied a 10% discount on the total due to the bulk order. This brings your final total cost to a friendly rounded amount.","{'job_type': 'restaurant manager', 'order_size': 'medium', 'event_type': 'celebration'}"
225,"Thank you for your order! For your upcoming meeting, we are pleased to provide 2,000 sheets of A4 printer paper at $0.05 per sheet, totaling $100. Additionally, you'll receive 1,000 sheets of letterhead paper at $0.06 each, which adds another $60. Finally, the 500 sheets of cardstock in various colors, priced at $0.15 each, will come to $75. As a gesture of support, we are offering a bulk discount, rounding the total cost to a neat $225, and ensuring your supplies arrive by April 15, 2025.","{'job_type': 'school teacher', 'order_size': 'large', 'event_type': 'meeting'}"
1500,"Thank you for your order for the upcoming gathering! I’m pleased to provide a bulk discount on your request, with the total adjusted for generous savings based on the quantities. The breakdown includes 500 reams of standard letter-sized paper at $0.06 each, 200 reams of cardstock at $0.15 each, and 300 packs of notepads at $2.00 each. Given the large volume of your order, I have rounded the total to reflect a friendly and rounded number, ensuring you get the best value while accommodating your needs perfectly.","{'job_type': 'non-profit director', 'order_size': 'large', 'event_type': 'gathering'}"
151,"Thank you for your order request! I've calculated the total cost for your paper supplies based on the quantities you've specified. To help you save, I've applied a bulk discount where appropriate. You will be getting 10% off on the A4 glossy paper and A3 matte paper orders since they are both above 500 sheets when combined with the standard printing paper. I hope this makes your exhibition preparations a bit easier.","{'job_type': 'school board resouorce manager', 'order_size': 'medium', 'event_type': 'exhibition'}"
-1,Error parsing response.,"{'job_type': 'event manager', 'order_size': 'large', 'event_type': 'assembly'}"
137,"Thank you for your order request! To help you with your large gathering, I have calculated the total costs for your paper supplies, applying some generous bulk discounts. For the order of 500 reams of A4 printer paper, the normal cost would be $25.00, but I'm offering it at $23.00 for bulk ordering. The letter-sized cardstock at 300 reams normally totals $90.00, but I'm pleased to provide it for $85.00 as a bulk order. The 200 rolls of kraft paper adds up to $20.00, and I'm happy to discount this to $18.00. Finally, the bright-colored paper, with 100 reams, typically totals $12.00, but it’s now $11.00 with the discount applied. Altogether, your adjusted total is a very pleasing $137.00.","{'job_type': 'business owner', 'order_size': 'large', 'event_type': 'gathering'}"
5000,"Thank you for your order! We are pleased to provide you with 500 sheets of A4 printer paper and 200 sheets of cardstock in assorted colors. The unit price for A4 paper is $0.05, leading to a total of $25.00. The cardstock, priced at $0.15 per sheet, adds another $30.00 for a total before discounts of $55.00. However, since you’re ordering in bulk and we appreciate your business, we can offer a bulk discount which adjusts the pricing to a nice round total of $50.00. This way, you not only receive the supplies you need, but you also save a bit in the process!","{'job_type': 'city hall clerk', 'order_size': 'small', 'event_type': 'gathering'}"
10800,"For your upcoming festival, I've prepared a quote that includes 500 sheets of high-quality cardstock, 200 rolls of wrapping paper, and 300 sheets of decorative paper. The total cost is rounded nicely for your convenience, and I applied a bulk purchase discount to ensure you get the best price possible for ordering in large quantities. This way, you can focus on organizing a memorable event without worrying about the details.","{'job_type': 'hotel manager', 'order_size': 'small', 'event_type': 'festival'}"
60,"Thank you for your order! For your reception event, we've provided 500 sheets of A4 white paper at $0.05 each, totaling $25. Additionally, we have 200 sheets of assorted cardstock at $0.15 each bringing the total to $30. Lastly, the 100 envelopes at $0.05 each will cost $5. However, to support your event, we are pleased to offer a 10% discount on the total when combining these items. After applying the discount, your total comes to a rounded estimate of $60 for all supplies, ensuring you stay within a comfortable budget.","{'job_type': 'retail store manager', 'order_size': 'small', 'event_type': 'reception'}"
68,"Thank you for your order! For the celebration, you requested 200 sheets of high-quality cardstock, priced at $0.15 each, totaling $30. Additionally, you ordered 100 rolls of decorative adhesive tape at $0.20 each, totaling $20. Since you are ordering in bulk, I have applied a 10% discount on the cardstock, which reduces the price by $3, and for the tape, I have rounded up to include an extra roll for the party, bringing the total to $21. This brings the total estimated cost to an even $68.","{'job_type': 'restaurant manager', 'order_size': 'small', 'event_type': 'celebration'}"
43000,"Thank you for your order! You'll receive 500 reams of A4 standard paper, 200 reams of colorful cardstock, and 300 reams of recycled paper. To help you save on your event preparations, I've applied a bulk discount, rounding off your total to make it more favorable. The total cost reflects these discounted rates, ensuring you get quality supplies at a reasonable price.","{'job_type': 'retail store manager', 'order_size': 'medium', 'event_type': 'demonstration'}"
13175,"Thank you for your order! For your celebration, we have calculated the costs for 500 reams of glossy photo paper, 300 reams of cardstock, and 200 reams of kraft paper. Since your order is quite substantial, we're pleased to offer a bulk discount, especially on the cardstock and kraft paper, which are key components for your event. With this discount applied, your total comes to a rounded figure that includes all costs and discounts for easy processing.","{'job_type': 'hotel manager', 'order_size': 'large', 'event_type': 'celebration'}"
150,"Thank you for your order! I've calculated the total cost for your paper supplies taking into account bulk discounts. For the A4 size printing paper (500 sheets at $0.05 each), the total is $25. The A3 size paper for posters (200 sheets at $0.25 each) comes to $50. The assorted colored paper (300 sheets at $0.10 each) totals $30. Lastly, for the 100 packs of C5 envelopes (each pack costing $0.50), the total is $50. To round the total, I have adjusted the overall pricing to give you a better deal at $150 instead of the raw calculated total.","{'job_type': 'event manager', 'order_size': 'medium', 'event_type': 'gathering'}"
8725,"Thank you for your order request! We are pleased to offer you 10,000 sheets of A4 paper, 5,000 sheets of A3 paper, 3,000 presentation folders, and 2,000 name tags with lanyards. To support your large order, we're applying bulk discounts that round your total cost to the nearest hundred for a more manageable budget. The A4 paper and presentation folders received discounts for ordering in bulk, helping you save overall. We are here to ensure you have everything you need for your conference.","{'job_type': 'restaurant manager', 'order_size': 'large', 'event_type': 'conference'}"
2012,"Thank you for your order of paper supplies for your upcoming demonstration. We've calculated the costs based on the items requested. For 10 reams of white A4 printer paper, the unit price is $0.05, totaling $5.00. The 5 reams of colored cardstock, at a unit price of $0.15 each, come to $7.50. Lastly, the 2000 sheets of large poster paper (24x36 inches) are priced at $1.00 each, totaling $2000. To help you with your budget, we've rounded the total for a neat presentation and added a bulk discount, bringing the final cost to $2012.50. This ensures you have high-quality supplies for your event and still keeps things simple!","{'job_type': 'business owner', 'order_size': 'large', 'event_type': 'demonstration'}"
7900,"Thank you for your order! For your upcoming event, we have carefully calculated the costs for your supplies. You requested 500 reams of standard printing paper, 200 packets of colored paper, and 1000 envelopes. The standard printing paper is priced at $0.04 per ream, and we've included a bulk discount for your large order. For the colored paper, priced at $0.10 per packet, we've also provided a slight discount since you're ordering in bulk. The envelopes are $0.05 each. Overall, we've rounded the total cost to provide you with an appealing final amount that avoids any feeling of being nickel-and-dimed. We're pleased to offer you this complete order for a total cost of $7,900.","{'job_type': 'city hall clerk', 'order_size': 'large', 'event_type': 'meeting'}"
10000,"Thank you for your order! You requested 500 reams of A4 copy paper and 200 reams of letter-sized cardstock. The standard prices are $0.05 per ream for A4 paper and $0.15 per ream for cardstock. However, since your order exceeds 300 reams in total, I applied a generous bulk discount that rounds the total to a more manageable figure. This way, you can comfortably include the supplies in your conference budget while ensuring timely delivery by April 15, 2025.","{'job_type': 'school teacher', 'order_size': 'medium', 'event_type': 'conference'}"
80,"Thank you for your order! For your party supplies, I have included 500 sheets of 8.5x11 inch printer paper at $0.06 each, 300 sheets of 11x17 inch cardstock at $0.15 each, and 200 rolls of wrapping paper at $0.15 each. To help you stay within budget, I applied a bulk discount which rounds the total cost nicely. Your final cost reflects these adjustments for ordering in larger quantities. The total reflects a savings approach for a smooth purchasing experience and remains reasonable for your needs.","{'job_type': 'city hall clerk', 'order_size': 'medium', 'event_type': 'party'}"
120,"Thank you for your order! For the 500 sheets of high-quality cardstock, we'll use the cardstock price of $0.15 per sheet. Since you're ordering in bulk, I can provide you with a special rate of $0.12 per sheet, totaling $60. For the 1000 sheets of standard copy paper at $0.04 each, we've also discounted that to a bulk rate of $0.03 per sheet, bringing it down to $30. Lastly, for the 200 rolls of decorative washi tape, priced at $0.2 each, we can offer a discount, reducing it to $0.15 each, totaling $30. Therefore, your total cost after applying these discounts is a rounded and budget-friendly $120.","{'job_type': 'city hall clerk', 'order_size': 'small', 'event_type': 'celebration'}"
29,"Thank you for your order! For 200 sheets of A4 printing paper, priced at $0.05 each, the total comes to $10.00. The 100 sheets of cardstock at $0.15 each amount to $15.00. Additionally, the 50 rolls of decorative wrapping paper at $0.15 each total $7.50. Since you are ordering in bulk, I'll generously apply a 10% discount on the entire order, which totals to $32.50 before the discount. This brings your final cost to a rounded total of $29.25, ensuring a pleasant experience for your upcoming reception.","{'job_type': 'school teacher', 'order_size': 'small', 'event_type': 'reception'}"
77,"Thank you for your order! For your upcoming party, the cost for 500 sheets of 8.5"" x 11"" white paper (at $0.06 each) is $30.00. The 200 sheets of 12"" x 12"" colored cardstock (normally $0.15 each) come to $30.00 but since you've ordered in medium quantity, I can offer you a 10% discount, bringing that down to $27.00. Lastly, the 100 rolls of decorative washi tape (at $0.20 each) total $20.00. With the applied discount for the cardstock, your total cost is rounded to $77.00, making it a nice, simple total!","{'job_type': 'business owner', 'order_size': 'medium', 'event_type': 'party'}"
150,"Thank you for your order request! For your upcoming reception, we've carefully selected a variety of paper supplies, including letterhead, envelopes, and cardstock, to meet your needs. Given the large quantity you're ordering, we've applied a bulk discount that allows us to round the costs to create a more favorable total. This way, you receive the best value while ensuring you have everything you need for your event.","{'job_type': 'non-profit director', 'order_size': 'large', 'event_type': 'reception'}"
240,"Thank you for your order of 5,000 sheets of A4, 80gsm, white paper. The standard price is $0.05 per sheet, totaling $250. However, since this is a medium-sized order, I'm pleased to offer you a bulk discount that rounds the total to $240. This way, you can save $10, making it an even better deal for your upcoming meeting. We'll ensure the delivery is on time for April 15, 2025.","{'job_type': 'school board resouorce manager', 'order_size': 'medium', 'event_type': 'meeting'}"
210,"Thank you for your order! For the parade, we have prepared a quote that includes 500 sheets of colored poster paper at $0.25 each, totaling $125.00, 300 sheets of white cardstock at $0.15 each for a total of $45.00, 200 rolls of crepe paper at $0.05 each totaling $10.00, and 100 large sheets of biodegradable banner paper at $0.30 each for $30.00. By ordering in bulk, we are pleased to offer a total discount that brings the overall cost to a nice rounded figure. The total comes to $210.00, ensuring you have everything needed for an amazing parade!","{'job_type': 'office manager', 'order_size': 'medium', 'event_type': 'parade'}"
49,"Thank you for your order request! For 500 sheets of A4 paper at $0.05 per sheet, the total comes to $25. Additionally, for 200 sheets of cardstock at $0.15 per sheet, the total is $30. Since you are ordering in bulk, I am pleased to apply a 10% discount on the total cost, bringing your final cost to a rounded figure of $49. This includes all the necessary supplies for your assembly, which will be delivered by April 15, 2025.","{'job_type': 'hotel manager', 'order_size': 'small', 'event_type': 'assembly'}"
1355,"Thank you for your order! I've calculated the total cost for your paper supplies, and to help you save, I've applied some bulk discounts. For the 500 reams of A4 paper, the unit price is $0.05, totaling $25. The 300 reams of colored paper at $0.10 each comes to $30. For the 2000 sheets of cardstock, priced at $0.15 each, it totals $300. Lastly, the 1000 sheets of large-format poster paper at $1.00 each amounts to $1000. By ordering in these large quantities, I’ve rounded the total for a cleaner number, making it easier for your budgeting. The final cost for your order is $1355.","{'job_type': 'hotel manager', 'order_size': 'large', 'event_type': 'demonstration'}"
335,"Thank you for your order request! We have calculated the cost for the items you requested for your celebration. The unit prices for the A4 size printer paper and colored paper have a bulk discount applied due to your large order, rounding the total to a more manageable figure. We are excited to support your event!","{'job_type': 'hotel manager', 'order_size': 'large', 'event_type': 'celebration'}"
30,"Thank you for your order! Based on your request for 100 sheets of colorful cardstock, 200 sheets of plain paper, and 50 paper party bags, I've applied some bulk discounts to create a more rounded total. The colorful cardstock (priced at $0.10 each) totals $10, the plain paper (chosen as standard copy paper at $0.04 each) comes to $8, and the paper party bags (at $0.25 each) amount to $12. Since you're ordering in bulk, I rounded the total for a nicer number. This careful calculation brings your total to $30. Your supplies will be ready by April 15, 2025.","{'job_type': 'law firm receptionist', 'order_size': 'small', 'event_type': 'party'}"
153,"Thank you for your order! For your upcoming celebration, I have calculated the costs based on your request for 500 sheets of high-quality cardstock in various colors, 1000 sheets of standard A4 printer paper, and 200 sheets of decorative paper for invitations. The high-quality cardstock is priced at $0.15 per sheet, and I am pleased to offer a 10% bulk discount for ordering 500 sheets, bringing the cost to $67.50. The A4 printer paper at $0.05 per sheet amounts to $50 for 1000 sheets. Lastly, the decorative paper at $0.18 per sheet totals $36.00 for 200 sheets. In total, with the applied discount, your order comes to a rounded total of $153, ensuring you have everything you need at a great value!","{'job_type': 'hotel manager', 'order_size': 'medium', 'event_type': 'celebration'}"
600,"Thank you for your large order for the celebration! Here’s the breakdown of costs: The 500 sheets of 8.5"" x 11"" glossy paper will be at a unit price of $0.20, totaling $100. The 1000 sheets of cardstock in assorted colors will cost $0.15 each, summing up to $150. The 300 rolls of decorative wrapping paper at $0.15 each will be $45. For the 2000 paper plates at $0.10 each, that’s $200. The 2000 paper cups at $0.08 each will total $160, and the 2000 napkins at $0.02 each will contribute $40. Given the size of your order, I’ve included a bulk discount, rounding the total cost to a friendly amount to make it easier for you, bringing the final total to $600.","{'job_type': 'business owner', 'order_size': 'large', 'event_type': 'celebration'}"
900,"Thank you for your order! For the upcoming show, we have prepared a bulk order that includes 10,000 sheets of A4 paper, 5,000 sheets of A3 paper, and 2,000 sheets of cardstock. Normally, the total would amount to $1,000. However, as a gesture of appreciation for your large order, I'm pleased to offer a bulk discount that brings the total down to a rounded figure of $900. This ensures you get the best value while meeting your needs for the event.","{'job_type': 'city hall clerk', 'order_size': 'large', 'event_type': 'show'}"
140,"Thank you for your order! For the reception, the costs for the paper supplies are as follows: 500 sheets of high-quality A4 paper at $0.05 each totals $25.00, 300 sheets of cardstock at $0.15 each totals $45.00, and 200 sheets of specialty paper at $0.4 each totals $80.00. To help you prepare for the event, I'm pleased to offer a bulk discount as well. As a gesture of support, I’ve rounded the total down to $140.00 instead of $150.00. This way, you're getting better value, and we can ensure your supplies arrive by April 15, 2025.","{'job_type': 'business owner', 'order_size': 'medium', 'event_type': 'reception'}"
700,"Thank you for your order of 10,000 sheets of A4 80gsm paper and 5,000 sheets of A3 100gsm paper. To ensure you receive the best value, I've applied a bulk discount, giving you a competitive rate. The total cost aggregates the standard pricing with a slight discount for the large volume, resulting in a well-rounded amount that encompasses your needs effectively.","{'job_type': 'business owner', 'order_size': 'large', 'event_type': 'meeting'}"
110,"Thank you for your order! We have prepared a bulk discount for you on the supplies you requested. The costs are as follows: 500 sheets of A4 white cardstock at $0.15 each totals $75.00, 200 sheets of A3 colored paper at $0.10 each totals $20.00, and 300 envelopes at $0.05 each totals $15.00. By ordering in bulk, we're pleased to offer you a rounded subtotal of $110.00 instead of the regular price, saving you a little more on your total. Your order will be delivered by April 15, 2025.","{'job_type': 'hotel manager', 'order_size': 'large', 'event_type': 'ceremony'}"
300,"Thank you for your order! We're excited to help with your upcoming reception. For your order of 2000 sheets of A4 paper, 1000 sheets of letterhead, 500 sheets of cardstock, and 300 packs of envelopes, we’ve applied a bulk discount to ensure you get the best possible price. The total cost reflects our savings strategy, rounding things to keep expenses manageable and straightforward. We appreciate your business!","{'job_type': 'office manager', 'order_size': 'large', 'event_type': 'reception'}"
22,"Thank you for your order of 500 sheets of white A4 paper and 200 sheets of colorful cardstock. The total cost before discounts is $25.00. Since you are ordering in bulk, I'm pleased to offer a 10% discount on your order, bringing the final total to $22.50. This will ensure you have the supplies you need for your event while keeping the costs manageable.","{'job_type': 'city hall clerk', 'order_size': 'small', 'event_type': 'show'}"
-1,Error parsing response.,"{'job_type': 'school board resouorce manager', 'order_size': 'small', 'event_type': 'reception'}"
225,"Thank you for your order of 500 A4 printing sheets and 200 A3 display boards. The unit price for A4 printing sheets is $0.05, which totals $25.00. A3 display boards are available at $1.00 each, totaling $200.00. For your bulk order of 500 A4 sheets, we are pleased to apply a discount that rounds the overall cost favorably. Thus, the total cost comes to a rounded total of $225. The delivery date of April 15, 2025, will be met.","{'job_type': 'law firm receptionist', 'order_size': 'small', 'event_type': 'conference'}"
231500,"Thank you for your large order request! We've applied a bulk discount to help keep costs manageable. For your order of 500 reams of A4 printing paper, we've reduced the unit price to $0.045 per ream for bulk purchasing. The poster-sized sheets and banner rolls will also receive a slight discount, reducing the price for the poster-sized sheets to $0.90 and banner rolls to $2.00 each. Your total comes to a nicely rounded number, making budgeting easier for your event. We look forward to delivering your supplies by April 15, 2025.","{'job_type': 'event manager', 'order_size': 'large', 'event_type': 'demonstration'}"
11895,"For your festival, we've calculated the costs for your order of 10,000 sheets of high-quality, colorful paper, 5,000 sheets of eco-friendly cardstock, and 2,000 sheets of large poster paper. By ordering in bulk, we can offer a discount on the colorful paper and eco-friendly cardstock, making the costs more manageable. The total reflects these adjustments, ensuring you get the best value for your event needs.","{'job_type': 'restaurant manager', 'order_size': 'large', 'event_type': 'festival'}"
130,"Thank you for your order! For your celebration, I've included bulk discounts to help you save on your paper supplies. The total cost for 500 sheets of colorful construction paper is $35.00, with 300 sheets of white cardstock at $45.00, and 200 sheets of patterned wrapping paper for $30.00. I've also added 100 rolls of decorative masking tape at $20.00. By ordering in bulk, I've rounded the total amount to a smooth $130 to enhance your budgeting experience.","{'job_type': 'school principal', 'order_size': 'medium', 'event_type': 'celebration'}"
95,"Thank you for your order! I have calculated the costs for the paper supplies you requested. For this bulk order, I have applied a discount to ensure the pricing remains attractive. The total comes to a nice rounded number, simplifying your budget. Here are the costs: 500 sheets of A4 printing paper at $0.05 each, totaling $25.00; 300 sheets of card stock for invitations at $0.15 each, totaling $45.00; 200 sheets of colored paper at $0.10 each, totaling $20.00; and 100 envelopes at $0.05 each, totaling $5.00. The combined total is $95.00. I hope this helps to make your reception planning smoother!","{'job_type': 'city hall clerk', 'order_size': 'large', 'event_type': 'reception'}"
115,"Thank you for your order! I've calculated the total cost based on your request for 500 sheets of A4 glossy paper, 300 sheets of A5 card stock, and 200 sheets of poster paper. To provide you with a better value, I've applied a slight bulk discount, rounding the total to a friendly figure. This way, you get what you need without feeling pinched by the cost.","{'job_type': 'law firm receptionist', 'order_size': 'small', 'event_type': 'concert'}"
7300,"Thank you for your order! For your upcoming meeting, I've prepared a quote that includes 1,000 sheets of high-quality A4 paper, 500 sheets of letter-sized paper, and 200 packs of sticky notes. To ensure you receive the best value, I applied bulk discounts on the A4 and letter-sized papers. The total cost reflects these discounts, neatly rounding the final amount, making budgeting easier.","{'job_type': 'hotel manager', 'order_size': 'large', 'event_type': 'meeting'}"
120,"For your upcoming party, I've prepared a cost estimate for the items you've requested. The total cost for 500 sheets of colorful cardstock is $75.00, while 300 sheets of standard copier paper will be $12.00. The 200 paper plates are priced at $20.00, and the 200 paper cups will come to $16.00. Since you are ordering in bulk, I applied a creative discount that rounds the total to a neat $120.00, making it easier for budgeting. This total includes a small bonus discount for your large order. Your supplies will be delivered by April 15, 2025, ensuring you're fully prepared for the party. Thank you for your order!","{'job_type': 'school principal', 'order_size': 'medium', 'event_type': 'party'}"
20700,"Thank you for your order! For the upcoming show, we've calculated the costs based on your request. The total includes 200 reams of A4 copy paper at $0.05 each, which totals $10.00; 100 reams of colored cardstock at $0.15 each, totaling $15.00; 50 rolls of adhesive tape at $0.20 each, totaling $10.00; and 500 sheets of large-format poster paper at $0.35 each, totaling $175.00. To help with your budget, we're pleased to offer a 10% discount for this bulk order, bringing the final cost to a nice rounded total of $207.00.","{'job_type': 'school board resouorce manager', 'order_size': 'medium', 'event_type': 'show'}"
80,"Thank you for your order! For your upcoming gathering, we're pleased to provide a competitive quote for your paper supplies. The total cost for 500 sheets of quality A4 printing paper, priced at $0.05 each, amounts to $25.00. The 300 sheets of cardstock for posters are $0.15 each, totaling $45.00. Lastly, 200 sheets of recycled paper at $0.08 each come to $16.00. Since you're ordering in bulk, I’ve rounded down the total to create a more appealing final figure. Therefore, the total cost is $80.00, which reflects a small bulk discount as a gesture of our appreciation for your commitment to quality supplies.","{'job_type': 'business owner', 'order_size': 'medium', 'event_type': 'gathering'}"
300,"Thank you for your order! For the supplies requested for your celebration, we have applied a bulk discount to help you save. The total costs for your order are calculated based on the individual item prices and their quantities. By ordering in bulk, we've rounded the costs to make it even more manageable. Here's the breakdown: 500 sheets of premium white cardstock at $0.15 each, totaling $75; 1000 sheets of colorful printer paper at $0.10 each, totaling $100; 200 sheets of recycled paper at $0.08 each, totaling $16; and 200 assorted colored envelopes at $0.05 each, totaling $10. This brings your total to $301, but with our rounded discount, your final cost is $300.","{'job_type': 'law firm receptionist', 'order_size': 'medium', 'event_type': 'celebration'}"
126,"Thank you for your order for the upcoming party! Here's a detailed quote:

- 500 sheets of colored cardstock at $0.10 each: $50.00
- 1000 sheets of standard printing paper at $0.04 each: $40.00
- 200 sheets of decorative wrapping paper at $0.15 each: $30.00
- 300 sheets of napkins at $0.02 each: $6.00

To help you with your budget, I have applied a bulk discount that rounds off the total cost to a more manageable number. So, instead of charging for the individual item prices, you will be charged a flat rate of $126.00 for the whole order.","{'job_type': 'school principal', 'order_size': 'medium', 'event_type': 'party'}"
189,"Thank you for your order! I have calculated the costs for the paper supplies you requested for the parade. The total cost for 500 sheets of assorted cardstock (at $0.15 each) is $75. For 1000 sheets of standard printer paper (at $0.06 each), that's $60. Lastly, 300 sheets of decorative paper (at $0.18 each) comes to $54. As you are placing a bulk order, I’m pleased to offer you a 10% discount on the subtotal, bringing the final total to $189.","{'job_type': 'hotel manager', 'order_size': 'medium', 'event_type': 'parade'}"
2000,"Thank you for your order! For your gathering, I have calculated the costs for 500 sheets of A4 copier paper, 200 sheets of assorted cardstock, and 100 color-printed flyers on glossy paper. The total comes to $25.00, but I'm pleased to offer you a special bulk discount of $5.00, as large orders are always appreciated. This brings your final cost to $20.00. I hope this helps keep your budget on track!","{'job_type': 'school teacher', 'order_size': 'small', 'event_type': 'gathering'}"
